time,open,high,low,close
2025-05-20T02:10:00.000000000Z,1.12403,1.12424,1.12394,1.1242
2025-05-20T02:15:00.000000000Z,1.12418,1.12437,1.12409,1.12422
2025-05-20T02:20:00.000000000Z,1.12422,1.1246,1.12416,1.12428
2025-05-20T02:25:00.000000000Z,1.12427,1.12464,1.12426,1.12439
2025-05-20T02:30:00.000000000Z,1.12438,1.12449,1.1242,1.12442
2025-05-20T02:35:00.000000000Z,1.12443,1.12444,1.12422,1.12423
2025-05-20T02:40:00.000000000Z,1.12424,1.12426,1.12396,1.12414
2025-05-20T02:45:00.000000000Z,1.12414,1.12444,1.12402,1.12425
2025-05-20T02:50:00.000000000Z,1.12426,1.12428,1.12383,1.12388
2025-05-20T02:55:00.000000000Z,1.12388,1.12388,1.12261,1.1232
2025-05-20T03:00:00.000000000Z,1.12318,1.12342,1.12294,1.12336
2025-05-20T03:05:00.000000000Z,1.12334,1.1241,1.12332,1.12406
2025-05-20T03:10:00.000000000Z,1.12406,1.12442,1.12405,1.12418
2025-05-20T03:15:00.000000000Z,1.12418,1.12438,1.124,1.1242
2025-05-20T03:20:00.000000000Z,1.12418,1.12439,1.12406,1.12428
2025-05-20T03:25:00.000000000Z,1.12428,1.12439,1.12418,1.12432
2025-05-20T03:30:00.000000000Z,1.12433,1.12438,1.12423,1.12438
2025-05-20T03:35:00.000000000Z,1.12437,1.12461,1.12413,1.12443
2025-05-20T03:40:00.000000000Z,1.12444,1.1247,1.12434,1.12459
2025-05-20T03:45:00.000000000Z,1.12458,1.12464,1.12436,1.1244
2025-05-20T03:50:00.000000000Z,1.12439,1.12451,1.12424,1.12448
2025-05-20T03:55:00.000000000Z,1.1245,1.12474,1.12438,1.1245
2025-05-20T04:00:00.000000000Z,1.12449,1.12476,1.12433,1.12437
2025-05-20T04:05:00.000000000Z,1.12436,1.12446,1.12424,1.12428
2025-05-20T04:10:00.000000000Z,1.12429,1.12444,1.12424,1.12427
2025-05-20T04:15:00.000000000Z,1.12428,1.12471,1.12426,1.1243
2025-05-20T04:20:00.000000000Z,1.1243,1.12445,1.12426,1.12429
2025-05-20T04:25:00.000000000Z,1.1243,1.1247,1.12425,1.1246
2025-05-20T04:30:00.000000000Z,1.1246,1.12488,1.12416,1.12486
2025-05-20T04:35:00.000000000Z,1.12487,1.12494,1.12464,1.12483
2025-05-20T04:40:00.000000000Z,1.12484,1.1251,1.12464,1.12475
2025-05-20T04:45:00.000000000Z,1.12474,1.12488,1.12464,1.12468
2025-05-20T04:50:00.000000000Z,1.12468,1.12468,1.12428,1.12432
2025-05-20T04:55:00.000000000Z,1.12432,1.12434,1.12404,1.12424
2025-05-20T05:00:00.000000000Z,1.12421,1.12497,1.12418,1.12468
2025-05-20T05:05:00.000000000Z,1.12469,1.12506,1.12439,1.12452
2025-05-20T05:10:00.000000000Z,1.12452,1.12499,1.12442,1.12492
2025-05-20T05:15:00.000000000Z,1.12495,1.12525,1.12486,1.12522
2025-05-20T05:20:00.000000000Z,1.12522,1.12546,1.12512,1.12545
2025-05-20T05:25:00.000000000Z,1.12546,1.12572,1.12543,1.12568
2025-05-20T05:30:00.000000000Z,1.12567,1.1258,1.12555,1.12568
2025-05-20T05:35:00.000000000Z,1.1257,1.12588,1.12548,1.12549
2025-05-20T05:40:00.000000000Z,1.1255,1.1256,1.12516,1.12535
2025-05-20T05:45:00.000000000Z,1.12534,1.12549,1.125,1.12518
2025-05-20T05:50:00.000000000Z,1.12518,1.12528,1.1248,1.12504
2025-05-20T05:55:00.000000000Z,1.12505,1.1256,1.12498,1.12546
2025-05-20T06:00:00.000000000Z,1.12546,1.12567,1.12508,1.12518
2025-05-20T06:05:00.000000000Z,1.12518,1.1259,1.12508,1.12586
2025-05-20T06:10:00.000000000Z,1.12586,1.1262,1.12561,1.1262
2025-05-20T06:15:00.000000000Z,1.12623,1.12626,1.12582,1.12593
2025-05-20T06:20:00.000000000Z,1.12592,1.126,1.12548,1.1256
2025-05-20T06:25:00.000000000Z,1.12556,1.12563,1.12536,1.12538
2025-05-20T06:30:00.000000000Z,1.12538,1.12568,1.12518,1.12524
2025-05-20T06:35:00.000000000Z,1.12524,1.12598,1.12514,1.12584
2025-05-20T06:40:00.000000000Z,1.12582,1.12594,1.12554,1.12578
2025-05-20T06:45:00.000000000Z,1.12577,1.12588,1.12538,1.12561
2025-05-20T06:50:00.000000000Z,1.1256,1.12566,1.12526,1.12562
2025-05-20T06:55:00.000000000Z,1.12563,1.12611,1.12562,1.12577
2025-05-20T07:00:00.000000000Z,1.12574,1.12614,1.12532,1.126
2025-05-20T07:05:00.000000000Z,1.12601,1.12658,1.12598,1.12643
2025-05-20T07:10:00.000000000Z,1.12642,1.12729,1.12634,1.12712
2025-05-20T07:15:00.000000000Z,1.12712,1.12738,1.12666,1.12676
2025-05-20T07:20:00.000000000Z,1.12676,1.12727,1.12661,1.12666
2025-05-20T07:25:00.000000000Z,1.12666,1.12711,1.12654,1.1271
2025-05-20T07:30:00.000000000Z,1.12713,1.12718,1.1266,1.12706
2025-05-20T07:35:00.000000000Z,1.12704,1.12717,1.12682,1.12703
2025-05-20T07:40:00.000000000Z,1.12702,1.12768,1.12702,1.1272
2025-05-20T07:45:00.000000000Z,1.12721,1.12754,1.12716,1.1274
2025-05-20T07:50:00.000000000Z,1.12738,1.12755,1.12727,1.12744
2025-05-20T07:55:00.000000000Z,1.12744,1.12779,1.12728,1.12763
2025-05-20T08:00:00.000000000Z,1.12762,1.12763,1.12712,1.12714
2025-05-20T08:05:00.000000000Z,1.12713,1.12728,1.1266,1.12664
2025-05-20T08:10:00.000000000Z,1.12664,1.1268,1.12635,1.12637
2025-05-20T08:15:00.000000000Z,1.12638,1.12654,1.12601,1.12628
2025-05-20T08:20:00.000000000Z,1.1263,1.12644,1.12596,1.12604
2025-05-20T08:25:00.000000000Z,1.12602,1.1263,1.12594,1.12612
2025-05-20T08:30:00.000000000Z,1.12612,1.1266,1.12612,1.12648
2025-05-20T08:35:00.000000000Z,1.12648,1.12648,1.1258,1.1262
2025-05-20T08:40:00.000000000Z,1.1262,1.1262,1.12513,1.12517
2025-05-20T08:45:00.000000000Z,1.12518,1.12564,1.12476,1.12534
2025-05-20T08:50:00.000000000Z,1.12535,1.12573,1.12528,1.12558
2025-05-20T08:55:00.000000000Z,1.12557,1.12598,1.12538,1.12585
2025-05-20T09:00:00.000000000Z,1.12587,1.12614,1.12568,1.1258
2025-05-20T09:05:00.000000000Z,1.12579,1.12617,1.12567,1.12598
2025-05-20T09:10:00.000000000Z,1.126,1.12674,1.126,1.12668
2025-05-20T09:15:00.000000000Z,1.12669,1.12672,1.12637,1.1265
2025-05-20T09:20:00.000000000Z,1.12646,1.12648,1.1258,1.1258
2025-05-20T09:25:00.000000000Z,1.12578,1.1263,1.12572,1.1261
2025-05-20T09:30:00.000000000Z,1.12612,1.12614,1.12577,1.12583
2025-05-20T09:35:00.000000000Z,1.12584,1.12584,1.12519,1.1254
2025-05-20T09:40:00.000000000Z,1.12538,1.12538,1.12514,1.12518
2025-05-20T09:45:00.000000000Z,1.12516,1.12532,1.125,1.1253
2025-05-20T09:50:00.000000000Z,1.1253,1.12554,1.12519,1.1254
2025-05-20T09:55:00.000000000Z,1.12539,1.12576,1.12526,1.12554
2025-05-20T10:00:00.000000000Z,1.12554,1.12575,1.12546,1.1257
2025-05-20T10:05:00.000000000Z,1.1257,1.12579,1.12524,1.12524
2025-05-20T10:10:00.000000000Z,1.12526,1.12533,1.12472,1.12486
2025-05-20T10:15:00.000000000Z,1.12484,1.12506,1.12466,1.12488
2025-05-20T10:20:00.000000000Z,1.1249,1.1249,1.12432,1.12453
2025-05-20T10:25:00.000000000Z,1.12454,1.12489,1.12448,1.12467
2025-05-20T10:30:00.000000000Z,1.12468,1.12482,1.12453,1.1247
2025-05-20T10:35:00.000000000Z,1.12468,1.12474,1.12432,1.1244
2025-05-20T10:40:00.000000000Z,1.12442,1.12466,1.1244,1.1246
2025-05-20T10:45:00.000000000Z,1.12462,1.12476,1.12448,1.12474
2025-05-20T10:50:00.000000000Z,1.12473,1.12487,1.12435,1.12438
2025-05-20T10:55:00.000000000Z,1.12438,1.12466,1.12436,1.12445
2025-05-20T11:00:00.000000000Z,1.12447,1.12473,1.12442,1.12473
2025-05-20T11:05:00.000000000Z,1.12475,1.12501,1.12468,1.12476
2025-05-20T11:10:00.000000000Z,1.12477,1.12502,1.12477,1.12497
2025-05-20T11:15:00.000000000Z,1.12496,1.12503,1.12478,1.12498
2025-05-20T11:20:00.000000000Z,1.12498,1.12514,1.1248,1.12498
2025-05-20T11:25:00.000000000Z,1.12499,1.12518,1.12472,1.1249
2025-05-20T11:30:00.000000000Z,1.12488,1.12498,1.12454,1.1249
2025-05-20T11:35:00.000000000Z,1.12491,1.12492,1.12454,1.12483
2025-05-20T11:40:00.000000000Z,1.12482,1.12496,1.1247,1.12477
2025-05-20T11:45:00.000000000Z,1.12478,1.12484,1.12457,1.12464
2025-05-20T11:50:00.000000000Z,1.12464,1.12464,1.1244,1.12451
2025-05-20T11:55:00.000000000Z,1.12452,1.12472,1.12436,1.12461
2025-05-20T12:00:00.000000000Z,1.12459,1.12473,1.12442,1.12454
2025-05-20T12:05:00.000000000Z,1.12454,1.12459,1.1241,1.1241
2025-05-20T12:10:00.000000000Z,1.12412,1.12415,1.12356,1.12384
2025-05-20T12:15:00.000000000Z,1.12384,1.12384,1.12294,1.12317
2025-05-20T12:20:00.000000000Z,1.12318,1.12327,1.12236,1.12259
2025-05-20T12:25:00.000000000Z,1.12258,1.1229,1.12252,1.12279
2025-05-20T12:30:00.000000000Z,1.12281,1.12365,1.12277,1.1236
2025-05-20T12:35:00.000000000Z,1.12358,1.1236,1.1232,1.12342
2025-05-20T12:40:00.000000000Z,1.12343,1.12352,1.12302,1.12316
2025-05-20T12:45:00.000000000Z,1.12317,1.12321,1.12266,1.1232
2025-05-20T12:50:00.000000000Z,1.12323,1.12368,1.12319,1.12354
2025-05-20T12:55:00.000000000Z,1.12354,1.1236,1.12336,1.12344
2025-05-20T13:00:00.000000000Z,1.12344,1.12344,1.12272,1.12282
2025-05-20T13:05:00.000000000Z,1.1228,1.12344,1.12276,1.12339
2025-05-20T13:10:00.000000000Z,1.1234,1.1234,1.12266,1.12283
2025-05-20T13:15:00.000000000Z,1.12285,1.12296,1.12251,1.12263
2025-05-20T13:20:00.000000000Z,1.12262,1.12296,1.12246,1.1229
2025-05-20T13:25:00.000000000Z,1.1229,1.1234,1.12288,1.1233
2025-05-20T13:30:00.000000000Z,1.1233,1.1236,1.12308,1.1235
2025-05-20T13:35:00.000000000Z,1.1235,1.12383,1.12306,1.1233
2025-05-20T13:40:00.000000000Z,1.12329,1.1237,1.12329,1.12344
2025-05-20T13:45:00.000000000Z,1.12348,1.12445,1.12345,1.12434
2025-05-20T13:50:00.000000000Z,1.12434,1.12497,1.12434,1.12467
2025-05-20T13:55:00.000000000Z,1.12466,1.12496,1.12438,1.12458
2025-05-20T14:00:00.000000000Z,1.12461,1.12528,1.12457,1.12514
2025-05-20T14:05:00.000000000Z,1.12513,1.12622,1.12494,1.12615
2025-05-20T14:10:00.000000000Z,1.12616,1.1266,1.12567,1.12631
2025-05-20T14:15:00.000000000Z,1.12634,1.12662,1.12559,1.12576
2025-05-20T14:20:00.000000000Z,1.12576,1.12646,1.12571,1.12621
2025-05-20T14:25:00.000000000Z,1.12622,1.12683,1.1262,1.12634
2025-05-20T14:30:00.000000000Z,1.12636,1.12646,1.12558,1.12568
2025-05-20T14:35:00.000000000Z,1.12566,1.12568,1.12526,1.12547
2025-05-20T14:40:00.000000000Z,1.12549,1.12604,1.12547,1.12578
2025-05-20T14:45:00.000000000Z,1.12576,1.12612,1.12547,1.12598
2025-05-20T14:50:00.000000000Z,1.126,1.12682,1.126,1.12674
2025-05-20T14:55:00.000000000Z,1.12674,1.12693,1.12652,1.12686
2025-05-20T15:00:00.000000000Z,1.12687,1.127,1.12643,1.12654
2025-05-20T15:05:00.000000000Z,1.12654,1.12654,1.12604,1.12632
2025-05-20T15:10:00.000000000Z,1.12634,1.12642,1.12573,1.12573
2025-05-20T15:15:00.000000000Z,1.12574,1.1263,1.12564,1.12564
2025-05-20T15:20:00.000000000Z,1.12564,1.12598,1.12546,1.12582
2025-05-20T15:25:00.000000000Z,1.1258,1.12611,1.1256,1.126
2025-05-20T15:30:00.000000000Z,1.12599,1.12599,1.12542,1.12544
2025-05-20T15:35:00.000000000Z,1.12545,1.12574,1.12528,1.12547
2025-05-20T15:40:00.000000000Z,1.12548,1.12554,1.12534,1.12547
2025-05-20T15:45:00.000000000Z,1.12548,1.12572,1.12532,1.12532
2025-05-20T15:50:00.000000000Z,1.12532,1.12536,1.12495,1.12506
2025-05-20T15:55:00.000000000Z,1.12506,1.1255,1.125,1.12531
2025-05-20T16:00:00.000000000Z,1.12532,1.12552,1.1253,1.12549
2025-05-20T16:05:00.000000000Z,1.12548,1.12574,1.12526,1.12538
2025-05-20T16:10:00.000000000Z,1.12538,1.1258,1.12515,1.12532
2025-05-20T16:15:00.000000000Z,1.12532,1.12536,1.12487,1.12506
2025-05-20T16:20:00.000000000Z,1.12506,1.12528,1.12493,1.12493
2025-05-20T16:25:00.000000000Z,1.12492,1.12492,1.12456,1.12476
2025-05-20T16:30:00.000000000Z,1.12477,1.12504,1.12464,1.12473
2025-05-20T16:35:00.000000000Z,1.1247,1.1249,1.12452,1.12465
2025-05-20T16:40:00.000000000Z,1.12467,1.12488,1.12466,1.12486
2025-05-20T16:45:00.000000000Z,1.12486,1.12504,1.1248,1.12494
2025-05-20T16:50:00.000000000Z,1.12495,1.12554,1.1249,1.12554
2025-05-20T16:55:00.000000000Z,1.12554,1.1258,1.1254,1.12569
2025-05-20T17:00:00.000000000Z,1.12568,1.12579,1.12558,1.12578
2025-05-20T17:05:00.000000000Z,1.12578,1.1258,1.12554,1.12563
2025-05-20T17:10:00.000000000Z,1.12564,1.12574,1.1255,1.1255
2025-05-20T17:15:00.000000000Z,1.12549,1.1263,1.12549,1.1263
2025-05-20T17:20:00.000000000Z,1.12629,1.12674,1.1262,1.12659
2025-05-20T17:25:00.000000000Z,1.1266,1.12672,1.1265,1.12668
2025-05-20T17:30:00.000000000Z,1.12666,1.1272,1.12663,1.1272
2025-05-20T17:35:00.000000000Z,1.1272,1.12739,1.12708,1.12738
2025-05-20T17:40:00.000000000Z,1.1274,1.12747,1.12717,1.12722
2025-05-20T17:45:00.000000000Z,1.12724,1.12754,1.12713,1.12754
2025-05-20T17:50:00.000000000Z,1.12753,1.12776,1.12745,1.12747
2025-05-20T17:55:00.000000000Z,1.12746,1.12752,1.12728,1.12738
2025-05-20T18:00:00.000000000Z,1.12739,1.12748,1.1272,1.12734
2025-05-20T18:05:00.000000000Z,1.12734,1.12772,1.12716,1.12772
2025-05-20T18:10:00.000000000Z,1.12771,1.12804,1.12758,1.12781
2025-05-20T18:15:00.000000000Z,1.12782,1.12784,1.12738,1.1275
2025-05-20T18:20:00.000000000Z,1.12751,1.12801,1.12736,1.12796
2025-05-20T18:25:00.000000000Z,1.12796,1.12801,1.12772,1.12789
2025-05-20T18:30:00.000000000Z,1.1279,1.12791,1.12747,1.12768
2025-05-20T18:35:00.000000000Z,1.12764,1.12773,1.12732,1.12757
2025-05-20T18:40:00.000000000Z,1.12754,1.1276,1.12718,1.12743
2025-05-20T18:45:00.000000000Z,1.12745,1.12758,1.12724,1.12726
2025-05-20T18:50:00.000000000Z,1.12726,1.12752,1.12721,1.12732
2025-05-20T18:55:00.000000000Z,1.12732,1.12738,1.12713,1.12725
2025-05-20T19:00:00.000000000Z,1.12726,1.12755,1.1272,1.12747
2025-05-20T19:05:00.000000000Z,1.12749,1.12753,1.12726,1.12751
2025-05-20T19:10:00.000000000Z,1.1275,1.12762,1.12742,1.12762
2025-05-20T19:15:00.000000000Z,1.12763,1.1278,1.12756,1.12767
2025-05-20T19:20:00.000000000Z,1.12768,1.1278,1.12761,1.12778
2025-05-20T19:25:00.000000000Z,1.12778,1.12802,1.12766,1.12787
2025-05-20T19:30:00.000000000Z,1.12788,1.12801,1.12786,1.12794
2025-05-20T19:35:00.000000000Z,1.12794,1.12796,1.12786,1.1279
2025-05-20T19:40:00.000000000Z,1.1279,1.12813,1.12788,1.12809
2025-05-20T19:45:00.000000000Z,1.12806,1.12826,1.12806,1.12823
2025-05-20T19:50:00.000000000Z,1.1282,1.12824,1.12788,1.128
2025-05-20T19:55:00.000000000Z,1.12802,1.12818,1.12778,1.12805
2025-05-20T20:00:00.000000000Z,1.12808,1.1281,1.12782,1.12786
2025-05-20T20:05:00.000000000Z,1.12786,1.12808,1.12785,1.12807
2025-05-20T20:10:00.000000000Z,1.12806,1.12822,1.12801,1.12819
2025-05-20T20:15:00.000000000Z,1.1282,1.1284,1.12816,1.1284
2025-05-20T20:20:00.000000000Z,1.12838,1.1285,1.12838,1.12838
2025-05-20T20:25:00.000000000Z,1.12838,1.12842,1.12836,1.12837
2025-05-20T20:30:00.000000000Z,1.12836,1.12836,1.12818,1.12818
2025-05-20T20:35:00.000000000Z,1.12817,1.12818,1.1281,1.12811
2025-05-20T20:40:00.000000000Z,1.12812,1.12828,1.1281,1.12828
2025-05-20T20:45:00.000000000Z,1.12826,1.12837,1.12822,1.12834
2025-05-20T20:50:00.000000000Z,1.12834,1.12845,1.12831,1.12837
2025-05-20T20:55:00.000000000Z,1.12838,1.1286,1.12836,1.12836
2025-05-20T21:00:00.000000000Z,1.12828,1.1283,1.12828,1.1283
2025-05-20T21:05:00.000000000Z,1.1283,1.1283,1.1281,1.12816
2025-05-20T21:10:00.000000000Z,1.12819,1.12828,1.1281,1.12824
2025-05-20T21:15:00.000000000Z,1.12823,1.12825,1.12814,1.12825
2025-05-20T21:20:00.000000000Z,1.12824,1.12831,1.12822,1.12822
2025-05-20T21:25:00.000000000Z,1.12822,1.12822,1.12816,1.12817
2025-05-20T21:30:00.000000000Z,1.12816,1.12824,1.12816,1.12821
2025-05-20T21:35:00.000000000Z,1.1282,1.12832,1.12819,1.1283
2025-05-20T21:40:00.000000000Z,1.12835,1.12838,1.12824,1.12827
2025-05-20T21:45:00.000000000Z,1.12828,1.12831,1.1281,1.12812
2025-05-20T21:50:00.000000000Z,1.12812,1.12844,1.12809,1.12844
2025-05-20T21:55:00.000000000Z,1.12834,1.12844,1.12826,1.12828
2025-05-20T22:00:00.000000000Z,1.12826,1.12852,1.12826,1.1285
2025-05-20T22:05:00.000000000Z,1.12854,1.12867,1.12841,1.12845
2025-05-20T22:10:00.000000000Z,1.12845,1.12875,1.12845,1.12856
2025-05-20T22:15:00.000000000Z,1.12858,1.12862,1.12844,1.12849
2025-05-20T22:20:00.000000000Z,1.12848,1.12848,1.12812,1.12832
2025-05-20T22:25:00.000000000Z,1.12832,1.12832,1.12812,1.12816
2025-05-20T22:30:00.000000000Z,1.12817,1.12832,1.12809,1.12816
2025-05-20T22:35:00.000000000Z,1.12817,1.12838,1.12809,1.12838
2025-05-20T22:40:00.000000000Z,1.12836,1.12836,1.12808,1.12818
2025-05-20T22:45:00.000000000Z,1.12817,1.12817,1.12804,1.12809
2025-05-20T22:50:00.000000000Z,1.12812,1.12822,1.12812,1.12821
2025-05-20T22:55:00.000000000Z,1.1282,1.1282,1.1281,1.1281
2025-05-20T23:00:00.000000000Z,1.12812,1.12818,1.12807,1.12814
2025-05-20T23:05:00.000000000Z,1.12815,1.12836,1.12814,1.12816
2025-05-20T23:10:00.000000000Z,1.1282,1.12836,1.12816,1.12834
2025-05-20T23:15:00.000000000Z,1.12835,1.12846,1.12835,1.12839
2025-05-20T23:20:00.000000000Z,1.12838,1.12858,1.12838,1.12858
2025-05-20T23:25:00.000000000Z,1.12858,1.12886,1.12858,1.12874
2025-05-20T23:30:00.000000000Z,1.12873,1.12875,1.1284,1.12848
2025-05-20T23:35:00.000000000Z,1.12846,1.12856,1.12838,1.12852
2025-05-20T23:40:00.000000000Z,1.12852,1.12864,1.12848,1.12861
2025-05-20T23:45:00.000000000Z,1.1286,1.12886,1.1285,1.12886
2025-05-20T23:50:00.000000000Z,1.12885,1.12902,1.12866,1.12874
2025-05-20T23:55:00.000000000Z,1.12873,1.1289,1.12869,1.12883
2025-05-21T00:00:00.000000000Z,1.12884,1.1291,1.12878,1.12898
2025-05-21T00:05:00.000000000Z,1.12897,1.12909,1.12882,1.12898
2025-05-21T00:10:00.000000000Z,1.12896,1.129,1.12882,1.12884
2025-05-21T00:15:00.000000000Z,1.12884,1.12914,1.12881,1.12898
2025-05-21T00:20:00.000000000Z,1.12898,1.12938,1.12894,1.12932
2025-05-21T00:25:00.000000000Z,1.12931,1.12984,1.12931,1.12974
2025-05-21T00:30:00.000000000Z,1.12976,1.1299,1.12969,1.12988
2025-05-21T00:35:00.000000000Z,1.12988,1.13016,1.12961,1.12971
2025-05-21T00:40:00.000000000Z,1.12972,1.12988,1.12948,1.12962
2025-05-21T00:45:00.000000000Z,1.12963,1.12964,1.1292,1.12935
2025-05-21T00:50:00.000000000Z,1.12934,1.12952,1.12886,1.12936
2025-05-21T00:55:00.000000000Z,1.12938,1.1296,1.12908,1.12956
2025-05-21T01:00:00.000000000Z,1.12956,1.13028,1.12956,1.12988
2025-05-21T01:05:00.000000000Z,1.12988,1.1299,1.1295,1.12972
2025-05-21T01:10:00.000000000Z,1.12973,1.12983,1.12942,1.12947
2025-05-21T01:15:00.000000000Z,1.12946,1.12951,1.12896,1.12914
2025-05-21T01:20:00.000000000Z,1.12913,1.12928,1.12894,1.12894
2025-05-21T01:25:00.000000000Z,1.12894,1.12909,1.12878,1.12886
2025-05-21T01:30:00.000000000Z,1.12885,1.12904,1.12872,1.12898
2025-05-21T01:35:00.000000000Z,1.12896,1.12902,1.1287,1.12891
2025-05-21T01:40:00.000000000Z,1.12892,1.12936,1.12892,1.12926
2025-05-21T01:45:00.000000000Z,1.12924,1.12943,1.12924,1.12936
2025-05-21T01:50:00.000000000Z,1.12936,1.1295,1.12929,1.12948
2025-05-21T01:55:00.000000000Z,1.12949,1.12998,1.12946,1.12984
2025-05-21T02:00:00.000000000Z,1.12982,1.13084,1.12972,1.13079
2025-05-21T02:05:00.000000000Z,1.1308,1.13182,1.13066,1.13163
2025-05-21T02:10:00.000000000Z,1.13164,1.13226,1.13132,1.13178
2025-05-21T02:15:00.000000000Z,1.13176,1.13206,1.1315,1.13176
2025-05-21T02:20:00.000000000Z,1.13176,1.13194,1.13146,1.13192
2025-05-21T02:25:00.000000000Z,1.1319,1.13204,1.13164,1.13188
2025-05-21T02:30:00.000000000Z,1.1319,1.13213,1.13154,1.13176
2025-05-21T02:35:00.000000000Z,1.13174,1.13199,1.13139,1.13193
2025-05-21T02:40:00.000000000Z,1.13196,1.13236,1.13179,1.13218
2025-05-21T02:45:00.000000000Z,1.13218,1.13258,1.13216,1.13236
2025-05-21T02:50:00.000000000Z,1.13238,1.13255,1.13218,1.13254
2025-05-21T02:55:00.000000000Z,1.13256,1.13262,1.13208,1.13218
2025-05-21T03:00:00.000000000Z,1.13216,1.13252,1.132,1.13226
2025-05-21T03:05:00.000000000Z,1.13227,1.13242,1.1319,1.13204
2025-05-21T03:10:00.000000000Z,1.13204,1.13229,1.13199,1.13222
2025-05-21T03:15:00.000000000Z,1.13222,1.13264,1.13217,1.13218
2025-05-21T03:20:00.000000000Z,1.13218,1.13244,1.13214,1.13237
2025-05-21T03:25:00.000000000Z,1.13238,1.13238,1.13198,1.13237
2025-05-21T03:30:00.000000000Z,1.13238,1.13294,1.13237,1.13278
2025-05-21T03:35:00.000000000Z,1.13278,1.13318,1.13268,1.13314
2025-05-21T03:40:00.000000000Z,1.13315,1.13318,1.13282,1.13305
2025-05-21T03:45:00.000000000Z,1.13306,1.13331,1.13293,1.1333
2025-05-21T03:50:00.000000000Z,1.1333,1.134,1.1333,1.13355
2025-05-21T03:55:00.000000000Z,1.13352,1.13375,1.13328,1.13342
2025-05-21T04:00:00.000000000Z,1.1334,1.13352,1.1329,1.1329
2025-05-21T04:05:00.000000000Z,1.13291,1.13306,1.13278,1.13283
2025-05-21T04:10:00.000000000Z,1.13284,1.1329,1.13256,1.13282
2025-05-21T04:15:00.000000000Z,1.13282,1.13292,1.13272,1.13284
2025-05-21T04:20:00.000000000Z,1.13286,1.13299,1.13274,1.13284
2025-05-21T04:25:00.000000000Z,1.13284,1.13293,1.13274,1.13285
2025-05-21T04:30:00.000000000Z,1.13286,1.13288,1.13266,1.13286
2025-05-21T04:35:00.000000000Z,1.13285,1.13336,1.13276,1.13334
2025-05-21T04:40:00.000000000Z,1.13332,1.13356,1.13321,1.13346
2025-05-21T04:45:00.000000000Z,1.13344,1.13368,1.13338,1.13352
2025-05-21T04:50:00.000000000Z,1.13351,1.13353,1.13328,1.13328
2025-05-21T04:55:00.000000000Z,1.13326,1.13326,1.13265,1.1329
2025-05-21T05:00:00.000000000Z,1.1329,1.13332,1.13266,1.1333
2025-05-21T05:05:00.000000000Z,1.13332,1.13332,1.13269,1.13311
2025-05-21T05:10:00.000000000Z,1.13312,1.1333,1.13286,1.1329
2025-05-21T05:15:00.000000000Z,1.13291,1.13308,1.13271,1.133
2025-05-21T05:20:00.000000000Z,1.133,1.13365,1.13297,1.13358
2025-05-21T05:25:00.000000000Z,1.13356,1.1338,1.13349,1.1336
2025-05-21T05:30:00.000000000Z,1.13359,1.13362,1.13298,1.13318
2025-05-21T05:35:00.000000000Z,1.13318,1.13334,1.13286,1.13296
2025-05-21T05:40:00.000000000Z,1.13296,1.13352,1.13294,1.13334
2025-05-21T05:45:00.000000000Z,1.13336,1.13348,1.13308,1.13308
2025-05-21T05:50:00.000000000Z,1.13308,1.13326,1.13297,1.13312
2025-05-21T05:55:00.000000000Z,1.13314,1.13351,1.13308,1.1332
2025-05-21T06:00:00.000000000Z,1.13317,1.13367,1.13228,1.13254
2025-05-21T06:05:00.000000000Z,1.13255,1.13276,1.1322,1.13272
2025-05-21T06:10:00.000000000Z,1.13271,1.13388,1.13268,1.13386
2025-05-21T06:15:00.000000000Z,1.13383,1.1348,1.13382,1.13436
2025-05-21T06:20:00.000000000Z,1.13436,1.1348,1.13431,1.13464
2025-05-21T06:25:00.000000000Z,1.13464,1.13501,1.13436,1.13464
2025-05-21T06:30:00.000000000Z,1.13466,1.13491,1.13432,1.13465
2025-05-21T06:35:00.000000000Z,1.13464,1.13533,1.13444,1.13463
2025-05-21T06:40:00.000000000Z,1.13462,1.13474,1.13371,1.1339
2025-05-21T06:45:00.000000000Z,1.1339,1.13406,1.13336,1.13406
2025-05-21T06:50:00.000000000Z,1.13406,1.13424,1.13366,1.13392
2025-05-21T06:55:00.000000000Z,1.13392,1.13407,1.13311,1.13328
2025-05-21T07:00:00.000000000Z,1.13328,1.13342,1.13226,1.13234
2025-05-21T07:05:00.000000000Z,1.13234,1.1328,1.13222,1.1327
2025-05-21T07:10:00.000000000Z,1.1327,1.13274,1.13192,1.13194
2025-05-21T07:15:00.000000000Z,1.13195,1.13218,1.13142,1.13212
2025-05-21T07:20:00.000000000Z,1.13211,1.13273,1.13203,1.13244
2025-05-21T07:25:00.000000000Z,1.13243,1.13289,1.13238,1.13272
2025-05-21T07:30:00.000000000Z,1.13273,1.13292,1.13242,1.13243
2025-05-21T07:35:00.000000000Z,1.13244,1.13288,1.13228,1.13288
2025-05-21T07:40:00.000000000Z,1.13287,1.13329,1.13286,1.13294
2025-05-21T07:45:00.000000000Z,1.13292,1.13292,1.13198,1.1323
2025-05-21T07:50:00.000000000Z,1.1323,1.13276,1.1321,1.13274
2025-05-21T07:55:00.000000000Z,1.13275,1.13317,1.13228,1.13235
2025-05-21T08:00:00.000000000Z,1.13234,1.1334,1.13234,1.1334
2025-05-21T08:05:00.000000000Z,1.13339,1.1334,1.13266,1.13269
2025-05-21T08:10:00.000000000Z,1.13268,1.1328,1.13217,1.13242
2025-05-21T08:15:00.000000000Z,1.13244,1.13274,1.13232,1.13252
2025-05-21T08:20:00.000000000Z,1.13252,1.13278,1.13241,1.13258
2025-05-21T08:25:00.000000000Z,1.13258,1.13264,1.13226,1.13232
2025-05-21T08:30:00.000000000Z,1.13231,1.13234,1.13201,1.13215
2025-05-21T08:35:00.000000000Z,1.13214,1.13241,1.13214,1.1323
2025-05-21T08:40:00.000000000Z,1.1323,1.13238,1.13181,1.13204
2025-05-21T08:45:00.000000000Z,1.13204,1.13214,1.13156,1.13166
2025-05-21T08:50:00.000000000Z,1.13166,1.13186,1.13122,1.13143
2025-05-21T08:55:00.000000000Z,1.13142,1.1324,1.1313,1.13228
2025-05-21T09:00:00.000000000Z,1.1323,1.13286,1.13222,1.1327
2025-05-21T09:05:00.000000000Z,1.1327,1.13296,1.13242,1.13279
2025-05-21T09:10:00.000000000Z,1.13278,1.13286,1.13237,1.13242
2025-05-21T09:15:00.000000000Z,1.13242,1.13256,1.13217,1.13239
2025-05-21T09:20:00.000000000Z,1.13239,1.13239,1.13178,1.13179
2025-05-21T09:25:00.000000000Z,1.13178,1.13196,1.13148,1.13178
2025-05-21T09:30:00.000000000Z,1.13176,1.13206,1.1316,1.13205
2025-05-21T09:35:00.000000000Z,1.13202,1.13236,1.132,1.13218
2025-05-21T09:40:00.000000000Z,1.1322,1.13334,1.1322,1.13325
2025-05-21T09:45:00.000000000Z,1.13324,1.13344,1.13274,1.13288
2025-05-21T09:50:00.000000000Z,1.13288,1.1331,1.13269,1.13272
2025-05-21T09:55:00.000000000Z,1.1327,1.1335,1.13262,1.13348
2025-05-21T10:00:00.000000000Z,1.13349,1.13364,1.13316,1.13323
2025-05-21T10:05:00.000000000Z,1.13324,1.13398,1.1332,1.13384
2025-05-21T10:10:00.000000000Z,1.13379,1.13454,1.13372,1.13444
2025-05-21T10:15:00.000000000Z,1.13444,1.13494,1.13422,1.1349
2025-05-21T10:20:00.000000000Z,1.13486,1.13578,1.13456,1.13546
2025-05-21T10:25:00.000000000Z,1.13547,1.13614,1.13538,1.13598
2025-05-21T10:30:00.000000000Z,1.13596,1.13622,1.13541,1.13568
2025-05-21T10:35:00.000000000Z,1.13568,1.13609,1.1352,1.13532
2025-05-21T10:40:00.000000000Z,1.13532,1.13549,1.13513,1.13524
2025-05-21T10:45:00.000000000Z,1.13523,1.13523,1.13435,1.13442
2025-05-21T10:50:00.000000000Z,1.13442,1.13442,1.13395,1.13408
2025-05-21T10:55:00.000000000Z,1.1341,1.13417,1.13378,1.13388
2025-05-21T11:00:00.000000000Z,1.13388,1.13432,1.13342,1.13429
2025-05-21T11:05:00.000000000Z,1.13427,1.13434,1.13385,1.13423
2025-05-21T11:10:00.000000000Z,1.13424,1.13424,1.1337,1.13378
2025-05-21T11:15:00.000000000Z,1.13375,1.13426,1.13354,1.13418
2025-05-21T11:20:00.000000000Z,1.13418,1.13448,1.13406,1.1343
2025-05-21T11:25:00.000000000Z,1.13428,1.13436,1.13345,1.13384
2025-05-21T11:30:00.000000000Z,1.13384,1.13391,1.13332,1.13346
2025-05-21T11:35:00.000000000Z,1.13347,1.13359,1.13304,1.13307
2025-05-21T11:40:00.000000000Z,1.13308,1.13324,1.13273,1.13276
2025-05-21T11:45:00.000000000Z,1.13278,1.13313,1.13269,1.13271
2025-05-21T11:50:00.000000000Z,1.13272,1.13306,1.13253,1.13257
2025-05-21T11:55:00.000000000Z,1.13255,1.13255,1.1319,1.13239
2025-05-21T12:00:00.000000000Z,1.13243,1.13268,1.13188,1.13253
2025-05-21T12:05:00.000000000Z,1.13252,1.13258,1.13186,1.13207
2025-05-21T12:10:00.000000000Z,1.13208,1.13264,1.13197,1.13213
2025-05-21T12:15:00.000000000Z,1.13215,1.13288,1.13204,1.13268
2025-05-21T12:20:00.000000000Z,1.13269,1.13288,1.13245,1.13276
2025-05-21T12:25:00.000000000Z,1.13276,1.13292,1.13232,1.13232
2025-05-21T12:30:00.000000000Z,1.13232,1.13263,1.13206,1.13208
2025-05-21T12:35:00.000000000Z,1.13205,1.1322,1.13174,1.13218
2025-05-21T12:40:00.000000000Z,1.13217,1.13238,1.13192,1.13207
2025-05-21T12:45:00.000000000Z,1.13209,1.13236,1.13196,1.13234
2025-05-21T12:50:00.000000000Z,1.13236,1.13296,1.1322,1.13256
2025-05-21T12:55:00.000000000Z,1.13255,1.1335,1.13254,1.13349
2025-05-21T13:00:00.000000000Z,1.13348,1.13392,1.13339,1.1335
2025-05-21T13:05:00.000000000Z,1.1335,1.13355,1.13255,1.13286
2025-05-21T13:10:00.000000000Z,1.13285,1.13326,1.13276,1.13278
2025-05-21T13:15:00.000000000Z,1.13277,1.13312,1.13253,1.13258
2025-05-21T13:20:00.000000000Z,1.13258,1.13309,1.13258,1.13286
2025-05-21T13:25:00.000000000Z,1.13288,1.1331,1.13243,1.13309
2025-05-21T13:30:00.000000000Z,1.1331,1.13344,1.13286,1.13335
2025-05-21T13:35:00.000000000Z,1.13334,1.13355,1.13269,1.13272
2025-05-21T13:40:00.000000000Z,1.13272,1.13304,1.13259,1.13298
2025-05-21T13:45:00.000000000Z,1.13298,1.13318,1.13232,1.13268
2025-05-21T13:50:00.000000000Z,1.13271,1.13287,1.13248,1.1327
2025-05-21T13:55:00.000000000Z,1.13272,1.13386,1.13266,1.13369
2025-05-21T14:00:00.000000000Z,1.13368,1.13461,1.13348,1.13348
2025-05-21T14:05:00.000000000Z,1.13348,1.13504,1.13332,1.13472
2025-05-21T14:10:00.000000000Z,1.13472,1.13546,1.1344,1.13476
2025-05-21T14:15:00.000000000Z,1.13476,1.1348,1.13366,1.13389
2025-05-21T14:20:00.000000000Z,1.1339,1.13412,1.13325,1.13358
2025-05-21T14:25:00.000000000Z,1.13357,1.13394,1.13352,1.13362
2025-05-21T14:30:00.000000000Z,1.13362,1.13438,1.13343,1.13437
2025-05-21T14:35:00.000000000Z,1.13436,1.13454,1.13386,1.13436
2025-05-21T14:40:00.000000000Z,1.13438,1.13452,1.13394,1.13436
2025-05-21T14:45:00.000000000Z,1.13438,1.13474,1.13382,1.13438
2025-05-21T14:50:00.000000000Z,1.13436,1.13448,1.13388,1.13408
2025-05-21T14:55:00.000000000Z,1.13408,1.13426,1.13389,1.13408
2025-05-21T15:00:00.000000000Z,1.13408,1.1344,1.13383,1.13424
2025-05-21T15:05:00.000000000Z,1.13426,1.13487,1.1339,1.13436
2025-05-21T15:10:00.000000000Z,1.13438,1.13484,1.13418,1.13468
2025-05-21T15:15:00.000000000Z,1.13469,1.13472,1.13388,1.13395
2025-05-21T15:20:00.000000000Z,1.13397,1.13402,1.13346,1.13379
2025-05-21T15:25:00.000000000Z,1.13379,1.13433,1.13379,1.13394
2025-05-21T15:30:00.000000000Z,1.13393,1.13454,1.13369,1.13388
2025-05-21T15:35:00.000000000Z,1.13389,1.13408,1.1336,1.134
2025-05-21T15:40:00.000000000Z,1.13402,1.13408,1.13382,1.13396
2025-05-21T15:45:00.000000000Z,1.13398,1.13398,1.13326,1.1333
2025-05-21T15:50:00.000000000Z,1.13331,1.13394,1.13328,1.13375
2025-05-21T15:55:00.000000000Z,1.13372,1.13434,1.13361,1.13428
2025-05-21T16:00:00.000000000Z,1.13427,1.13436,1.13399,1.13434
2025-05-21T16:05:00.000000000Z,1.13436,1.13524,1.13436,1.13498
2025-05-21T16:10:00.000000000Z,1.13498,1.13514,1.13438,1.13448
2025-05-21T16:15:00.000000000Z,1.13451,1.13464,1.13428,1.13436
2025-05-21T16:20:00.000000000Z,1.13439,1.1346,1.13426,1.13429
2025-05-21T16:25:00.000000000Z,1.13428,1.1343,1.1339,1.13412
2025-05-21T16:30:00.000000000Z,1.13412,1.13422,1.13394,1.13402
2025-05-21T16:35:00.000000000Z,1.13402,1.13434,1.13399,1.1342
2025-05-21T16:40:00.000000000Z,1.1342,1.13434,1.13404,1.13427
2025-05-21T16:45:00.000000000Z,1.13428,1.13434,1.13412,1.13418
2025-05-21T16:50:00.000000000Z,1.1342,1.13434,1.1341,1.13424
2025-05-21T16:55:00.000000000Z,1.13426,1.13438,1.13396,1.13405
2025-05-21T17:00:00.000000000Z,1.13406,1.1347,1.13393,1.13458
2025-05-21T17:05:00.000000000Z,1.13458,1.13504,1.13458,1.13492
2025-05-21T17:10:00.000000000Z,1.13493,1.13528,1.13486,1.13494
2025-05-21T17:15:00.000000000Z,1.13493,1.13511,1.13444,1.13484
2025-05-21T17:20:00.000000000Z,1.13483,1.1361,1.13481,1.13592
2025-05-21T17:25:00.000000000Z,1.13593,1.13629,1.13547,1.13563
2025-05-21T17:30:00.000000000Z,1.13564,1.13574,1.1344,1.13446
2025-05-21T17:35:00.000000000Z,1.13448,1.1346,1.13407,1.13412
2025-05-21T17:40:00.000000000Z,1.13414,1.13481,1.13414,1.13442
2025-05-21T17:45:00.000000000Z,1.13442,1.13458,1.13394,1.13402
2025-05-21T17:50:00.000000000Z,1.13402,1.13422,1.13378,1.13384
2025-05-21T17:55:00.000000000Z,1.13383,1.1349,1.13376,1.13482
2025-05-21T18:00:00.000000000Z,1.13482,1.13489,1.13437,1.13451
2025-05-21T18:05:00.000000000Z,1.1345,1.13464,1.13417,1.13443
2025-05-21T18:10:00.000000000Z,1.13444,1.13468,1.13382,1.13384
2025-05-21T18:15:00.000000000Z,1.13384,1.13426,1.13382,1.134
2025-05-21T18:20:00.000000000Z,1.134,1.13432,1.13372,1.13392
2025-05-21T18:25:00.000000000Z,1.13392,1.13394,1.13338,1.13393
2025-05-21T18:30:00.000000000Z,1.13394,1.13427,1.13387,1.13412
2025-05-21T18:35:00.000000000Z,1.13412,1.13418,1.13382,1.1341
2025-05-21T18:40:00.000000000Z,1.13411,1.13419,1.13385,1.13407
2025-05-21T18:45:00.000000000Z,1.13406,1.13418,1.13348,1.13374
2025-05-21T18:50:00.000000000Z,1.13374,1.13374,1.13316,1.1333
2025-05-21T18:55:00.000000000Z,1.13328,1.13351,1.1332,1.13334
2025-05-21T19:00:00.000000000Z,1.13332,1.13356,1.13319,1.13355
2025-05-21T19:05:00.000000000Z,1.13354,1.13368,1.13334,1.13366
2025-05-21T19:10:00.000000000Z,1.13364,1.13394,1.13364,1.13371
2025-05-21T19:15:00.000000000Z,1.1337,1.1337,1.13295,1.13314
2025-05-21T19:20:00.000000000Z,1.13316,1.13334,1.13286,1.13328
2025-05-21T19:25:00.000000000Z,1.13326,1.13331,1.13288,1.13294
2025-05-21T19:30:00.000000000Z,1.13294,1.13294,1.1327,1.13272
2025-05-21T19:35:00.000000000Z,1.13271,1.13298,1.13267,1.13298
2025-05-21T19:40:00.000000000Z,1.13296,1.13298,1.13274,1.13294
