Symbol,RSI_PERIOD,BUY_THRESH,SELL_THRESH,ATR_MULTIPLIER,MIN_SL,TP_SL_RATIO,TotalTrades,Profit,WinRate
USD_JPY,10,20,70,1.0,0.02,1.0,864,1167.64,53.01
USD_JPY,10,20,70,1.0,0.02,1.5,864,411.14,48.73
USD_JPY,10,20,70,1.0,0.02,2.0,864,173.55,47.11
USD_JPY,10,20,70,1.0,0.03,1.0,864,1167.74,53.01
USD_JPY,10,20,70,1.0,0.03,1.5,864,411.21,48.73
USD_JPY,10,20,70,1.0,0.03,2.0,864,173.61,47.11
USD_JPY,10,20,70,1.5,0.02,1.0,864,769.83,52.31
USD_JPY,10,20,70,1.5,0.02,1.5,864,551.1,50.58
USD_JPY,10,20,70,1.5,0.02,2.0,864,346.54,50.0
USD_JPY,10,20,70,1.5,0.03,1.0,864,769.83,52.31
USD_JPY,10,20,70,1.5,0.03,1.5,864,551.1,50.58
USD_JPY,10,20,70,1.5,0.03,2.0,864,346.54,50.0
USD_JPY,10,20,70,2.0,0.02,1.0,864,946.6,52.66
USD_JPY,10,20,70,2.0,0.02,1.5,864,561.12,51.62
USD_JPY,10,20,70,2.0,0.02,2.0,864,501.92,51.39
USD_JPY,10,20,70,2.0,0.03,1.0,864,946.6,52.66
USD_JPY,10,20,70,2.0,0.03,1.5,864,561.12,51.62
USD_JPY,10,20,70,2.0,0.03,2.0,864,501.92,51.39
USD_JPY,10,20,75,1.0,0.02,1.0,675,1316.83,53.93
USD_JPY,10,20,75,1.0,0.02,1.5,675,508.27,48.44
USD_JPY,10,20,75,1.0,0.02,2.0,675,254.32,46.37
USD_JPY,10,20,75,1.0,0.03,1.0,675,1316.94,53.93
USD_JPY,10,20,75,1.0,0.03,1.5,675,508.34,48.44
USD_JPY,10,20,75,1.0,0.03,2.0,675,254.38,46.37
USD_JPY,10,20,75,1.5,0.02,1.0,675,204.87,51.26
USD_JPY,10,20,75,1.5,0.02,1.5,675,55.96,49.04
USD_JPY,10,20,75,1.5,0.02,2.0,675,-83.3,48.3
USD_JPY,10,20,75,1.5,0.03,1.0,675,204.87,51.26
USD_JPY,10,20,75,1.5,0.03,1.5,675,55.96,49.04
USD_JPY,10,20,75,1.5,0.03,2.0,675,-83.3,48.3
USD_JPY,10,20,75,2.0,0.02,1.0,675,420.93,52.0
USD_JPY,10,20,75,2.0,0.02,1.5,675,139.55,50.67
USD_JPY,10,20,75,2.0,0.02,2.0,675,96.34,50.37
USD_JPY,10,20,75,2.0,0.03,1.0,675,420.93,52.0
USD_JPY,10,20,75,2.0,0.03,1.5,675,139.55,50.67
USD_JPY,10,20,75,2.0,0.03,2.0,675,96.34,50.37
USD_JPY,10,20,80,1.0,0.02,1.0,515,450.07,52.62
USD_JPY,10,20,80,1.0,0.02,1.5,515,-56.0,45.44
USD_JPY,10,20,80,1.0,0.02,2.0,515,-214.94,42.72
USD_JPY,10,20,80,1.0,0.03,1.0,515,450.14,52.62
USD_JPY,10,20,80,1.0,0.03,1.5,515,-55.95,45.44
USD_JPY,10,20,80,1.0,0.03,2.0,515,-214.9,42.72
USD_JPY,10,20,80,1.5,0.02,1.0,515,-312.34,48.54
USD_JPY,10,20,80,1.5,0.02,1.5,515,-397.32,45.63
USD_JPY,10,20,80,1.5,0.02,2.0,515,-476.8,44.66
USD_JPY,10,20,80,1.5,0.03,1.0,515,-312.34,48.54
USD_JPY,10,20,80,1.5,0.03,1.5,515,-397.32,45.63
USD_JPY,10,20,80,1.5,0.03,2.0,515,-476.8,44.66
USD_JPY,10,20,80,2.0,0.02,1.0,515,-132.1,50.29
USD_JPY,10,20,80,2.0,0.02,1.5,515,-303.97,48.54
USD_JPY,10,20,80,2.0,0.02,2.0,515,-330.36,48.16
USD_JPY,10,20,80,2.0,0.03,1.0,515,-132.1,50.29
USD_JPY,10,20,80,2.0,0.03,1.5,515,-303.97,48.54
USD_JPY,10,20,80,2.0,0.03,2.0,515,-330.36,48.16
USD_JPY,10,25,70,1.0,0.02,1.0,1065,2020.44,53.24
USD_JPY,10,25,70,1.0,0.02,1.5,1065,21.27,46.76
USD_JPY,10,25,70,1.0,0.02,2.0,1065,-442.57,44.13
USD_JPY,10,25,70,1.0,0.03,1.0,1065,2020.59,53.24
USD_JPY,10,25,70,1.0,0.03,1.5,1065,21.32,46.76
USD_JPY,10,25,70,1.0,0.03,2.0,1065,-442.54,44.13
USD_JPY,10,25,70,1.5,0.02,1.0,1065,317.64,50.89
USD_JPY,10,25,70,1.5,0.02,1.5,1065,-168.23,47.98
USD_JPY,10,25,70,1.5,0.02,2.0,1065,-387.5,46.95
USD_JPY,10,25,70,1.5,0.03,1.0,1065,317.64,50.89
USD_JPY,10,25,70,1.5,0.03,1.5,1065,-168.23,47.98
USD_JPY,10,25,70,1.5,0.03,2.0,1065,-387.5,46.95
USD_JPY,10,25,70,2.0,0.02,1.0,1065,91.9,50.42
USD_JPY,10,25,70,2.0,0.02,1.5,1065,-186.45,48.92
USD_JPY,10,25,70,2.0,0.02,2.0,1065,-219.92,48.54
USD_JPY,10,25,70,2.0,0.03,1.0,1065,91.9,50.42
USD_JPY,10,25,70,2.0,0.03,1.5,1065,-186.45,48.92
USD_JPY,10,25,70,2.0,0.03,2.0,1065,-219.92,48.54
USD_JPY,10,25,75,1.0,0.02,1.0,876,2228.33,54.0
USD_JPY,10,25,75,1.0,0.02,1.5,876,91.56,46.12
USD_JPY,10,25,75,1.0,0.02,2.0,876,-404.2,42.92
USD_JPY,10,25,75,1.0,0.03,1.0,876,2228.49,54.0
USD_JPY,10,25,75,1.0,0.03,1.5,876,91.62,46.12
USD_JPY,10,25,75,1.0,0.03,2.0,876,-404.17,42.92
USD_JPY,10,25,75,1.5,0.02,1.0,876,-102.97,49.77
USD_JPY,10,25,75,1.5,0.02,1.5,876,-433.75,46.23
USD_JPY,10,25,75,1.5,0.02,2.0,876,-583.02,44.98
USD_JPY,10,25,75,1.5,0.03,1.0,876,-102.97,49.77
USD_JPY,10,25,75,1.5,0.03,1.5,876,-433.75,46.23
USD_JPY,10,25,75,1.5,0.03,2.0,876,-583.02,44.98
USD_JPY,10,25,75,2.0,0.02,1.0,876,-202.96,49.43
USD_JPY,10,25,75,2.0,0.02,1.5,876,-406.15,47.6
USD_JPY,10,25,75,2.0,0.02,2.0,876,-430.58,47.15
USD_JPY,10,25,75,2.0,0.03,1.0,876,-202.96,49.43
USD_JPY,10,25,75,2.0,0.03,1.5,876,-406.15,47.6
USD_JPY,10,25,75,2.0,0.03,2.0,876,-430.58,47.15
USD_JPY,10,25,80,1.0,0.02,1.0,716,1020.56,53.07
USD_JPY,10,25,80,1.0,0.02,1.5,716,-316.81,43.44
USD_JPY,10,25,80,1.0,0.02,2.0,716,-627.1,39.53
USD_JPY,10,25,80,1.0,0.03,1.0,716,1020.66,53.07
USD_JPY,10,25,80,1.0,0.03,1.5,716,-316.77,43.44
USD_JPY,10,25,80,1.0,0.03,2.0,716,-627.08,39.53
USD_JPY,10,25,80,1.5,0.02,1.0,716,-488.03,47.49
USD_JPY,10,25,80,1.5,0.02,1.5,716,-676.82,43.16
USD_JPY,10,25,80,1.5,0.02,2.0,716,-762.01,41.62
USD_JPY,10,25,80,1.5,0.03,1.0,716,-488.03,47.49
USD_JPY,10,25,80,1.5,0.03,1.5,716,-676.82,43.16
USD_JPY,10,25,80,1.5,0.03,2.0,716,-762.01,41.62
USD_JPY,10,25,80,2.0,0.02,1.0,716,-513.17,47.63
USD_JPY,10,25,80,2.0,0.02,1.5,716,-637.28,45.39
USD_JPY,10,25,80,2.0,0.02,2.0,716,-652.2,44.83
USD_JPY,10,25,80,2.0,0.03,1.0,716,-513.17,47.63
USD_JPY,10,25,80,2.0,0.03,1.5,716,-637.28,45.39
USD_JPY,10,25,80,2.0,0.03,2.0,716,-652.2,44.83
USD_JPY,10,30,70,1.0,0.02,1.0,1351,757.06,51.81
USD_JPY,10,30,70,1.0,0.02,1.5,1351,-414.88,45.15
USD_JPY,10,30,70,1.0,0.02,2.0,1351,-792.8,41.82
USD_JPY,10,30,70,1.0,0.03,1.0,1351,757.15,51.81
USD_JPY,10,30,70,1.0,0.03,1.5,1351,-414.85,45.15
USD_JPY,10,30,70,1.0,0.03,2.0,1351,-792.79,41.82
USD_JPY,10,30,70,1.5,0.02,1.0,1351,-273.74,49.67
USD_JPY,10,30,70,1.5,0.02,1.5,1351,-648.05,46.04
USD_JPY,10,30,70,1.5,0.02,2.0,1351,-690.96,45.0
USD_JPY,10,30,70,1.5,0.03,1.0,1351,-273.74,49.67
USD_JPY,10,30,70,1.5,0.03,1.5,1351,-648.05,46.04
USD_JPY,10,30,70,1.5,0.03,2.0,1351,-690.96,45.0
USD_JPY,10,30,70,2.0,0.02,1.0,1351,-558.84,48.33
USD_JPY,10,30,70,2.0,0.02,1.5,1351,-625.71,46.85
USD_JPY,10,30,70,2.0,0.02,2.0,1351,-686.08,46.34
USD_JPY,10,30,70,2.0,0.03,1.0,1351,-558.84,48.33
USD_JPY,10,30,70,2.0,0.03,1.5,1351,-625.71,46.85
USD_JPY,10,30,70,2.0,0.03,2.0,1351,-686.08,46.34
USD_JPY,10,30,75,1.0,0.02,1.0,1162,878.0,52.15
USD_JPY,10,30,75,1.0,0.02,1.5,1162,-374.6,44.41
USD_JPY,10,30,75,1.0,0.02,2.0,1162,-778.54,40.53
USD_JPY,10,30,75,1.0,0.03,1.0,1162,878.09,52.15
USD_JPY,10,30,75,1.0,0.03,1.5,1162,-374.57,44.41
USD_JPY,10,30,75,1.0,0.03,2.0,1162,-778.53,40.53
USD_JPY,10,30,75,1.5,0.02,1.0,1162,-505.57,48.62
USD_JPY,10,30,75,1.5,0.02,1.5,1162,-760.4,44.41
USD_JPY,10,30,75,1.5,0.02,2.0,1162,-789.61,43.2
USD_JPY,10,30,75,1.5,0.03,1.0,1162,-505.57,48.62
USD_JPY,10,30,75,1.5,0.03,1.5,1162,-760.4,44.41
USD_JPY,10,30,75,1.5,0.03,2.0,1162,-789.61,43.2
USD_JPY,10,30,75,2.0,0.02,1.0,1162,-677.97,47.25
USD_JPY,10,30,75,2.0,0.02,1.5,1162,-726.79,45.52
USD_JPY,10,30,75,2.0,0.02,2.0,1162,-770.86,44.92
USD_JPY,10,30,75,2.0,0.03,1.0,1162,-677.97,47.25
USD_JPY,10,30,75,2.0,0.03,1.5,1162,-726.79,45.52
USD_JPY,10,30,75,2.0,0.03,2.0,1162,-770.86,44.92
USD_JPY,10,30,80,1.0,0.02,1.0,1002,175.41,51.2
USD_JPY,10,30,80,1.0,0.02,1.5,1002,-608.57,42.22
USD_JPY,10,30,80,1.0,0.02,2.0,1002,-861.39,37.72
USD_JPY,10,30,80,1.0,0.03,1.0,1002,175.47,51.2
USD_JPY,10,30,80,1.0,0.03,1.5,1002,-608.56,42.22
USD_JPY,10,30,80,1.0,0.03,2.0,1002,-861.38,37.72
USD_JPY,10,30,80,1.5,0.02,1.0,1002,-717.81,46.81
USD_JPY,10,30,80,1.5,0.02,1.5,1002,-863.25,41.92
USD_JPY,10,30,80,1.5,0.02,2.0,1002,-879.92,40.52
USD_JPY,10,30,80,1.5,0.03,1.0,1002,-717.81,46.81
USD_JPY,10,30,80,1.5,0.03,1.5,1002,-863.25,41.92
USD_JPY,10,30,80,1.5,0.03,2.0,1002,-879.92,40.52
USD_JPY,10,30,80,2.0,0.02,1.0,1002,-803.31,45.61
USD_JPY,10,30,80,2.0,0.02,1.5,1002,-833.12,43.61
USD_JPY,10,30,80,2.0,0.02,2.0,1002,-860.04,42.91
USD_JPY,10,30,80,2.0,0.03,1.0,1002,-803.31,45.61
USD_JPY,10,30,80,2.0,0.03,1.5,1002,-833.12,43.61
USD_JPY,10,30,80,2.0,0.03,2.0,1002,-860.04,42.91
USD_JPY,14,20,70,1.0,0.02,1.0,577,822.03,54.07
USD_JPY,14,20,70,1.0,0.02,1.5,577,551.26,50.78
USD_JPY,14,20,70,1.0,0.02,2.0,577,444.14,49.57
USD_JPY,14,20,70,1.0,0.03,1.0,577,822.03,54.07
USD_JPY,14,20,70,1.0,0.03,1.5,577,551.26,50.78
USD_JPY,14,20,70,1.0,0.03,2.0,577,444.14,49.57
USD_JPY,14,20,70,1.5,0.02,1.0,577,1091.06,54.94
USD_JPY,14,20,70,1.5,0.02,1.5,577,1188.59,53.55
USD_JPY,14,20,70,1.5,0.02,2.0,577,1542.65,53.21
USD_JPY,14,20,70,1.5,0.03,1.0,577,1091.06,54.94
USD_JPY,14,20,70,1.5,0.03,1.5,577,1188.59,53.55
USD_JPY,14,20,70,1.5,0.03,2.0,577,1542.65,53.21
USD_JPY,14,20,70,2.0,0.02,1.0,577,1025.79,54.77
USD_JPY,14,20,70,2.0,0.02,1.5,577,1242.38,53.9
USD_JPY,14,20,70,2.0,0.02,2.0,577,891.27,53.03
USD_JPY,14,20,70,2.0,0.03,1.0,577,1025.79,54.77
USD_JPY,14,20,70,2.0,0.03,1.5,577,1242.38,53.9
USD_JPY,14,20,70,2.0,0.03,2.0,577,891.27,53.03
USD_JPY,14,20,75,1.0,0.02,1.0,397,616.49,54.41
USD_JPY,14,20,75,1.0,0.02,1.5,397,376.26,49.62
USD_JPY,14,20,75,1.0,0.02,2.0,397,281.22,47.86
USD_JPY,14,20,75,1.0,0.03,1.0,397,616.49,54.41
USD_JPY,14,20,75,1.0,0.03,1.5,397,376.26,49.62
USD_JPY,14,20,75,1.0,0.03,2.0,397,281.22,47.86
USD_JPY,14,20,75,1.5,0.02,1.0,397,455.74,53.4
USD_JPY,14,20,75,1.5,0.02,1.5,397,523.64,51.39
USD_JPY,14,20,75,1.5,0.02,2.0,397,770.13,50.88
USD_JPY,14,20,75,1.5,0.03,1.0,397,455.74,53.4
USD_JPY,14,20,75,1.5,0.03,1.5,397,523.64,51.39
USD_JPY,14,20,75,1.5,0.03,2.0,397,770.13,50.88
USD_JPY,14,20,75,2.0,0.02,1.0,397,408.1,52.9
USD_JPY,14,20,75,2.0,0.02,1.5,397,558.64,51.64
USD_JPY,14,20,75,2.0,0.02,2.0,397,314.59,50.38
USD_JPY,14,20,75,2.0,0.03,1.0,397,408.1,52.9
USD_JPY,14,20,75,2.0,0.03,1.5,397,558.64,51.64
USD_JPY,14,20,75,2.0,0.03,2.0,397,314.59,50.38
USD_JPY,14,20,80,1.0,0.02,1.0,281,311.09,53.74
USD_JPY,14,20,80,1.0,0.02,1.5,281,116.25,46.98
USD_JPY,14,20,80,1.0,0.02,2.0,281,39.16,44.48
USD_JPY,14,20,80,1.0,0.03,1.0,281,311.09,53.74
USD_JPY,14,20,80,1.0,0.03,1.5,281,116.25,46.98
USD_JPY,14,20,80,1.0,0.03,2.0,281,39.16,44.48
USD_JPY,14,20,80,1.5,0.02,1.0,281,84.19,51.6
USD_JPY,14,20,80,1.5,0.02,1.5,281,134.77,48.75
USD_JPY,14,20,80,1.5,0.02,2.0,281,318.34,48.04
USD_JPY,14,20,80,1.5,0.03,1.0,281,84.19,51.6
USD_JPY,14,20,80,1.5,0.03,1.5,281,134.77,48.75
USD_JPY,14,20,80,1.5,0.03,2.0,281,318.34,48.04
USD_JPY,14,20,80,2.0,0.02,1.0,281,251.74,52.67
USD_JPY,14,20,80,2.0,0.02,1.5,281,385.56,50.89
USD_JPY,14,20,80,2.0,0.02,2.0,281,168.61,49.11
USD_JPY,14,20,80,2.0,0.03,1.0,281,251.74,52.67
USD_JPY,14,20,80,2.0,0.03,1.5,281,385.56,50.89
USD_JPY,14,20,80,2.0,0.03,2.0,281,168.61,49.11
USD_JPY,14,25,70,1.0,0.02,1.0,746,1033.05,53.49
USD_JPY,14,25,70,1.0,0.02,1.5,746,225.94,47.99
USD_JPY,14,25,70,1.0,0.02,2.0,746,-32.57,45.58
USD_JPY,14,25,70,1.0,0.03,1.0,746,1033.05,53.49
USD_JPY,14,25,70,1.0,0.03,1.5,746,225.94,47.99
USD_JPY,14,25,70,1.0,0.03,2.0,746,-32.57,45.58
USD_JPY,14,25,70,1.5,0.02,1.0,746,511.67,52.55
USD_JPY,14,25,70,1.5,0.02,1.5,746,404.15,49.87
USD_JPY,14,25,70,1.5,0.02,2.0,746,611.17,49.33
USD_JPY,14,25,70,1.5,0.03,1.0,746,511.67,52.55
USD_JPY,14,25,70,1.5,0.03,1.5,746,404.15,49.87
USD_JPY,14,25,70,1.5,0.03,2.0,746,611.17,49.33
USD_JPY,14,25,70,2.0,0.02,1.0,746,992.51,52.95
USD_JPY,14,25,70,2.0,0.02,1.5,746,988.84,51.61
USD_JPY,14,25,70,2.0,0.02,2.0,746,587.39,50.8
USD_JPY,14,25,70,2.0,0.03,1.0,746,992.51,52.95
USD_JPY,14,25,70,2.0,0.03,1.5,746,988.84,51.61
USD_JPY,14,25,70,2.0,0.03,2.0,746,587.39,50.8
USD_JPY,14,25,75,1.0,0.02,1.0,566,803.7,53.53
USD_JPY,14,25,75,1.0,0.02,1.5,566,87.64,46.29
USD_JPY,14,25,75,1.0,0.02,2.0,566,-141.71,43.11
USD_JPY,14,25,75,1.0,0.03,1.0,566,803.7,53.53
USD_JPY,14,25,75,1.0,0.03,1.5,566,87.64,46.29
USD_JPY,14,25,75,1.0,0.03,2.0,566,-141.71,43.11
USD_JPY,14,25,75,1.5,0.02,1.0,566,52.39,50.71
USD_JPY,14,25,75,1.5,0.02,1.5,566,-22.47,47.17
USD_JPY,14,25,75,1.5,0.02,2.0,566,121.65,46.47
USD_JPY,14,25,75,1.5,0.03,1.0,566,52.39,50.71
USD_JPY,14,25,75,1.5,0.03,1.5,566,-22.47,47.17
USD_JPY,14,25,75,1.5,0.03,2.0,566,121.65,46.47
USD_JPY,14,25,75,2.0,0.02,1.0,566,384.96,51.06
USD_JPY,14,25,75,2.0,0.02,1.5,566,382.41,49.29
USD_JPY,14,25,75,2.0,0.02,2.0,566,103.37,48.23
USD_JPY,14,25,75,2.0,0.03,1.0,566,384.96,51.06
USD_JPY,14,25,75,2.0,0.03,1.5,566,382.41,49.29
USD_JPY,14,25,75,2.0,0.03,2.0,566,103.37,48.23
USD_JPY,14,25,80,1.0,0.02,1.0,450,462.93,52.89
USD_JPY,14,25,80,1.0,0.02,1.5,450,-117.84,43.78
USD_JPY,14,25,80,1.0,0.02,2.0,450,-303.86,39.78
USD_JPY,14,25,80,1.0,0.03,1.0,450,462.93,52.89
USD_JPY,14,25,80,1.0,0.03,1.5,450,-117.84,43.78
USD_JPY,14,25,80,1.0,0.03,2.0,450,-303.86,39.78
USD_JPY,14,25,80,1.5,0.02,1.0,450,-216.21,48.89
USD_JPY,14,25,80,1.5,0.02,1.5,450,-271.96,44.44
USD_JPY,14,25,80,1.5,0.02,2.0,450,-164.62,43.56
USD_JPY,14,25,80,1.5,0.03,1.0,450,-216.21,48.89
USD_JPY,14,25,80,1.5,0.03,1.5,450,-271.96,44.44
USD_JPY,14,25,80,1.5,0.03,2.0,450,-164.62,43.56
USD_JPY,14,25,80,2.0,0.02,1.0,450,231.17,50.44
USD_JPY,14,25,80,2.0,0.02,1.5,450,228.9,48.22
USD_JPY,14,25,80,2.0,0.02,2.0,450,-19.15,46.89
USD_JPY,14,25,80,2.0,0.03,1.0,450,231.17,50.44
USD_JPY,14,25,80,2.0,0.03,1.5,450,228.9,48.22
USD_JPY,14,25,80,2.0,0.03,2.0,450,-19.15,46.89
USD_JPY,14,30,70,1.0,0.02,1.0,1024,851.54,52.44
USD_JPY,14,30,70,1.0,0.02,1.5,1024,-200.91,45.61
USD_JPY,14,30,70,1.0,0.02,2.0,1024,-503.72,42.58
USD_JPY,14,30,70,1.0,0.03,1.0,1024,851.56,52.44
USD_JPY,14,30,70,1.0,0.03,1.5,1024,-200.91,45.61
USD_JPY,14,30,70,1.0,0.03,2.0,1024,-503.72,42.58
USD_JPY,14,30,70,1.5,0.02,1.0,1024,-85.58,50.59
USD_JPY,14,30,70,1.5,0.02,1.5,1024,-336.5,47.07
USD_JPY,14,30,70,1.5,0.02,2.0,1024,-345.77,46.19
USD_JPY,14,30,70,1.5,0.03,1.0,1024,-85.58,50.59
USD_JPY,14,30,70,1.5,0.03,1.5,1024,-336.5,47.07
USD_JPY,14,30,70,1.5,0.03,2.0,1024,-345.77,46.19
USD_JPY,14,30,70,2.0,0.02,1.0,1024,26.22,50.59
USD_JPY,14,30,70,2.0,0.02,1.5,1024,-140.84,48.83
USD_JPY,14,30,70,2.0,0.02,2.0,1024,-376.71,47.95
USD_JPY,14,30,70,2.0,0.03,1.0,1024,26.22,50.59
USD_JPY,14,30,70,2.0,0.03,1.5,1024,-140.84,48.83
USD_JPY,14,30,70,2.0,0.03,2.0,1024,-376.71,47.95
USD_JPY,14,30,75,1.0,0.02,1.0,844,642.67,52.25
USD_JPY,14,30,75,1.0,0.02,1.5,844,-291.06,43.96
USD_JPY,14,30,75,1.0,0.02,2.0,844,-559.71,40.28
USD_JPY,14,30,75,1.0,0.03,1.0,844,642.68,52.25
USD_JPY,14,30,75,1.0,0.03,1.5,844,-291.05,43.96
USD_JPY,14,30,75,1.0,0.03,2.0,844,-559.7,40.28
USD_JPY,14,30,75,1.5,0.02,1.0,844,-363.4,48.93
USD_JPY,14,30,75,1.5,0.02,1.5,844,-538.09,44.67
USD_JPY,14,30,75,1.5,0.02,2.0,844,-544.54,43.6
USD_JPY,14,30,75,1.5,0.03,1.0,844,-363.4,48.93
USD_JPY,14,30,75,1.5,0.03,1.5,844,-538.09,44.67
USD_JPY,14,30,75,1.5,0.03,2.0,844,-544.54,43.6
USD_JPY,14,30,75,2.0,0.02,1.0,844,-286.69,48.82
USD_JPY,14,30,75,2.0,0.02,1.5,844,-402.81,46.68
USD_JPY,14,30,75,2.0,0.02,2.0,844,-566.76,45.62
USD_JPY,14,30,75,2.0,0.03,1.0,844,-286.69,48.82
USD_JPY,14,30,75,2.0,0.03,1.5,844,-402.81,46.68
USD_JPY,14,30,75,2.0,0.03,2.0,844,-566.76,45.62
USD_JPY,14,30,80,1.0,0.02,1.0,728,332.32,51.65
USD_JPY,14,30,80,1.0,0.02,1.5,728,-425.0,42.03
USD_JPY,14,30,80,1.0,0.02,2.0,728,-642.89,37.77
USD_JPY,14,30,80,1.0,0.03,1.0,728,332.33,51.65
USD_JPY,14,30,80,1.0,0.03,1.5,728,-424.99,42.03
USD_JPY,14,30,80,1.0,0.03,2.0,728,-642.89,37.77
USD_JPY,14,30,80,1.5,0.02,1.0,728,-525.88,47.53
USD_JPY,14,30,80,1.5,0.02,1.5,728,-655.98,42.58
USD_JPY,14,30,80,1.5,0.02,2.0,728,-660.79,41.35
USD_JPY,14,30,80,1.5,0.03,1.0,728,-525.88,47.53
USD_JPY,14,30,80,1.5,0.03,1.5,728,-655.98,42.58
USD_JPY,14,30,80,1.5,0.03,2.0,728,-660.79,41.35
USD_JPY,14,30,80,2.0,0.02,1.0,728,-365.9,48.08
USD_JPY,14,30,80,2.0,0.02,1.5,728,-469.13,45.6
USD_JPY,14,30,80,2.0,0.02,2.0,728,-614.87,44.37
USD_JPY,14,30,80,2.0,0.03,1.0,728,-365.9,48.08
USD_JPY,14,30,80,2.0,0.03,1.5,728,-469.13,45.6
USD_JPY,14,30,80,2.0,0.03,2.0,728,-614.87,44.37
USD_JPY,21,20,70,1.0,0.02,1.0,296,872.67,57.09
USD_JPY,21,20,70,1.0,0.02,1.5,296,706.88,55.41
USD_JPY,21,20,70,1.0,0.02,2.0,296,411.29,53.72
USD_JPY,21,20,70,1.0,0.03,1.0,296,872.67,57.09
USD_JPY,21,20,70,1.0,0.03,1.5,296,706.88,55.41
USD_JPY,21,20,70,1.0,0.03,2.0,296,411.29,53.72
USD_JPY,21,20,70,1.5,0.02,1.0,296,380.58,56.08
USD_JPY,21,20,70,1.5,0.02,1.5,296,178.41,54.05
USD_JPY,21,20,70,1.5,0.02,2.0,296,165.38,53.72
USD_JPY,21,20,70,1.5,0.03,1.0,296,380.58,56.08
USD_JPY,21,20,70,1.5,0.03,1.5,296,178.41,54.05
USD_JPY,21,20,70,1.5,0.03,2.0,296,165.38,53.72
USD_JPY,21,20,70,2.0,0.02,1.0,296,256.01,53.04
USD_JPY,21,20,70,2.0,0.02,1.5,296,204.34,52.36
USD_JPY,21,20,70,2.0,0.02,2.0,296,164.06,52.03
USD_JPY,21,20,70,2.0,0.03,1.0,296,256.01,53.04
USD_JPY,21,20,70,2.0,0.03,1.5,296,204.34,52.36
USD_JPY,21,20,70,2.0,0.03,2.0,296,164.06,52.03
USD_JPY,21,20,75,1.0,0.02,1.0,174,734.99,59.2
USD_JPY,21,20,75,1.0,0.02,1.5,174,581.39,56.32
USD_JPY,21,20,75,1.0,0.02,2.0,174,307.53,53.45
USD_JPY,21,20,75,1.0,0.03,1.0,174,734.99,59.2
USD_JPY,21,20,75,1.0,0.03,1.5,174,581.39,56.32
USD_JPY,21,20,75,1.0,0.03,2.0,174,307.53,53.45
USD_JPY,21,20,75,1.5,0.02,1.0,174,312.19,56.9
USD_JPY,21,20,75,1.5,0.02,1.5,174,120.04,53.45
USD_JPY,21,20,75,1.5,0.02,2.0,174,107.65,52.87
USD_JPY,21,20,75,1.5,0.03,1.0,174,312.19,56.9
USD_JPY,21,20,75,1.5,0.03,1.5,174,120.04,53.45
USD_JPY,21,20,75,1.5,0.03,2.0,174,107.65,52.87
USD_JPY,21,20,75,2.0,0.02,1.0,174,113.09,52.3
USD_JPY,21,20,75,2.0,0.02,1.5,174,67.3,51.15
USD_JPY,21,20,75,2.0,0.02,2.0,174,31.61,50.57
USD_JPY,21,20,75,2.0,0.03,1.0,174,113.09,52.3
USD_JPY,21,20,75,2.0,0.03,1.5,174,67.3,51.15
USD_JPY,21,20,75,2.0,0.03,2.0,174,31.61,50.57
USD_JPY,21,20,80,1.0,0.02,1.0,85,443.75,62.35
USD_JPY,21,20,80,1.0,0.02,1.5,85,315.94,56.47
USD_JPY,21,20,80,1.0,0.02,2.0,85,88.05,50.59
USD_JPY,21,20,80,1.0,0.03,1.0,85,443.75,62.35
USD_JPY,21,20,80,1.0,0.03,1.5,85,315.94,56.47
USD_JPY,21,20,80,1.0,0.03,2.0,85,88.05,50.59
USD_JPY,21,20,80,1.5,0.02,1.0,85,238.9,60.0
USD_JPY,21,20,80,1.5,0.02,1.5,85,57.48,52.94
USD_JPY,21,20,80,1.5,0.02,2.0,85,45.79,51.76
USD_JPY,21,20,80,1.5,0.03,1.0,85,238.9,60.0
USD_JPY,21,20,80,1.5,0.03,1.5,85,57.48,52.94
USD_JPY,21,20,80,1.5,0.03,2.0,85,45.79,51.76
USD_JPY,21,20,80,2.0,0.02,1.0,85,1.86,51.76
USD_JPY,21,20,80,2.0,0.02,1.5,85,-39.35,49.41
USD_JPY,21,20,80,2.0,0.02,2.0,85,-71.48,48.24
USD_JPY,21,20,80,2.0,0.03,1.0,85,1.86,51.76
USD_JPY,21,20,80,2.0,0.03,1.5,85,-39.35,49.41
USD_JPY,21,20,80,2.0,0.03,2.0,85,-71.48,48.24
USD_JPY,21,25,70,1.0,0.02,1.0,401,906.53,55.61
USD_JPY,21,25,70,1.0,0.02,1.5,401,369.48,50.37
USD_JPY,21,25,70,1.0,0.02,2.0,401,17.73,47.63
USD_JPY,21,25,70,1.0,0.03,1.0,401,906.53,55.61
USD_JPY,21,25,70,1.0,0.03,1.5,401,369.48,50.37
USD_JPY,21,25,70,1.0,0.03,2.0,401,17.73,47.63
USD_JPY,21,25,70,1.5,0.02,1.0,401,155.06,52.62
USD_JPY,21,25,70,1.5,0.02,1.5,401,-43.86,49.38
USD_JPY,21,25,70,1.5,0.02,2.0,401,-2.88,49.13
USD_JPY,21,25,70,1.5,0.03,1.0,401,155.06,52.62
USD_JPY,21,25,70,1.5,0.03,1.5,401,-43.86,49.38
USD_JPY,21,25,70,1.5,0.03,2.0,401,-2.88,49.13
USD_JPY,21,25,70,2.0,0.02,1.0,401,36.49,49.63
USD_JPY,21,25,70,2.0,0.02,1.5,401,88.53,49.13
USD_JPY,21,25,70,2.0,0.02,2.0,401,123.52,48.63
USD_JPY,21,25,70,2.0,0.03,1.0,401,36.49,49.63
USD_JPY,21,25,70,2.0,0.03,1.5,401,88.53,49.13
USD_JPY,21,25,70,2.0,0.03,2.0,401,123.52,48.63
USD_JPY,21,25,75,1.0,0.02,1.0,279,766.36,56.27
USD_JPY,21,25,75,1.0,0.02,1.5,279,268.79,48.75
USD_JPY,21,25,75,1.0,0.02,2.0,279,-57.1,44.8
USD_JPY,21,25,75,1.0,0.03,1.0,279,766.36,56.27
USD_JPY,21,25,75,1.0,0.03,1.5,279,268.79,48.75
USD_JPY,21,25,75,1.0,0.03,2.0,279,-57.1,44.8
USD_JPY,21,25,75,1.5,0.02,1.0,279,97.84,51.61
USD_JPY,21,25,75,1.5,0.02,1.5,279,-91.22,46.95
USD_JPY,21,25,75,1.5,0.02,2.0,279,-52.27,46.59
USD_JPY,21,25,75,1.5,0.03,1.0,279,97.84,51.61
USD_JPY,21,25,75,1.5,0.03,1.5,279,-91.22,46.95
USD_JPY,21,25,75,1.5,0.03,2.0,279,-52.27,46.59
USD_JPY,21,25,75,2.0,0.02,1.0,279,-81.45,47.67
USD_JPY,21,25,75,2.0,0.02,1.5,279,-35.32,46.95
USD_JPY,21,25,75,2.0,0.02,2.0,279,-4.32,46.24
USD_JPY,21,25,75,2.0,0.03,1.0,279,-81.45,47.67
USD_JPY,21,25,75,2.0,0.03,1.5,279,-35.32,46.95
USD_JPY,21,25,75,2.0,0.03,2.0,279,-4.32,46.24
USD_JPY,21,25,80,1.0,0.02,1.0,190,469.86,56.32
USD_JPY,21,25,80,1.0,0.02,1.5,190,55.81,45.26
USD_JPY,21,25,80,1.0,0.02,2.0,190,-215.37,39.47
USD_JPY,21,25,80,1.0,0.03,1.0,190,469.86,56.32
USD_JPY,21,25,80,1.0,0.03,1.5,190,55.81,45.26
USD_JPY,21,25,80,1.0,0.03,2.0,190,-215.37,39.47
USD_JPY,21,25,80,1.5,0.02,1.0,190,36.53,50.53
USD_JPY,21,25,80,1.5,0.02,1.5,190,-141.98,43.68
USD_JPY,21,25,80,1.5,0.02,2.0,190,-105.2,43.16
USD_JPY,21,25,80,1.5,0.03,1.0,190,36.53,50.53
USD_JPY,21,25,80,1.5,0.03,1.5,190,-141.98,43.68
USD_JPY,21,25,80,1.5,0.03,2.0,190,-105.2,43.16
USD_JPY,21,25,80,2.0,0.02,1.0,190,-173.24,45.26
USD_JPY,21,25,80,2.0,0.02,1.5,190,-131.72,44.21
USD_JPY,21,25,80,2.0,0.02,2.0,190,-103.82,43.16
USD_JPY,21,25,80,2.0,0.03,1.0,190,-173.24,45.26
USD_JPY,21,25,80,2.0,0.03,1.5,190,-131.72,44.21
USD_JPY,21,25,80,2.0,0.03,2.0,190,-103.82,43.16
USD_JPY,21,30,70,1.0,0.02,1.0,644,1037.95,53.88
USD_JPY,21,30,70,1.0,0.02,1.5,644,208.49,46.74
USD_JPY,21,30,70,1.0,0.02,2.0,644,-293.67,43.01
USD_JPY,21,30,70,1.0,0.03,1.0,644,1037.95,53.88
USD_JPY,21,30,70,1.0,0.03,1.5,644,208.49,46.74
USD_JPY,21,30,70,1.0,0.03,2.0,644,-293.67,43.01
USD_JPY,21,30,70,1.5,0.02,1.0,644,-81.03,50.78
USD_JPY,21,30,70,1.5,0.02,1.5,644,-407.0,46.27
USD_JPY,21,30,70,1.5,0.02,2.0,644,-419.72,45.34
USD_JPY,21,30,70,1.5,0.03,1.0,644,-81.03,50.78
USD_JPY,21,30,70,1.5,0.03,1.5,644,-407.0,46.27
USD_JPY,21,30,70,1.5,0.03,2.0,644,-419.72,45.34
USD_JPY,21,30,70,2.0,0.02,1.0,644,-134.08,49.22
USD_JPY,21,30,70,2.0,0.02,1.5,644,-210.29,47.52
USD_JPY,21,30,70,2.0,0.02,2.0,644,-305.76,46.74
USD_JPY,21,30,70,2.0,0.03,1.0,644,-134.08,49.22
USD_JPY,21,30,70,2.0,0.03,1.5,644,-210.29,47.52
USD_JPY,21,30,70,2.0,0.03,2.0,644,-305.76,46.74
USD_JPY,21,30,75,1.0,0.02,1.0,522,888.12,53.83
USD_JPY,21,30,75,1.0,0.02,1.5,522,119.64,45.02
USD_JPY,21,30,75,1.0,0.02,2.0,522,-345.6,40.42
USD_JPY,21,30,75,1.0,0.03,1.0,522,888.12,53.83
USD_JPY,21,30,75,1.0,0.03,1.5,522,119.64,45.02
USD_JPY,21,30,75,1.0,0.03,2.0,522,-345.6,40.42
USD_JPY,21,30,75,1.5,0.02,1.0,522,-126.55,49.81
USD_JPY,21,30,75,1.5,0.02,1.5,522,-436.38,44.25
USD_JPY,21,30,75,1.5,0.02,2.0,522,-448.46,43.1
USD_JPY,21,30,75,1.5,0.03,1.0,522,-126.55,49.81
USD_JPY,21,30,75,1.5,0.03,1.5,522,-436.38,44.25
USD_JPY,21,30,75,1.5,0.03,2.0,522,-448.46,43.1
USD_JPY,21,30,75,2.0,0.02,1.0,522,-232.61,48.08
USD_JPY,21,30,75,2.0,0.02,1.5,522,-300.15,45.98
USD_JPY,21,30,75,2.0,0.02,2.0,522,-384.76,45.02
USD_JPY,21,30,75,2.0,0.03,1.0,522,-232.61,48.08
USD_JPY,21,30,75,2.0,0.03,1.5,522,-300.15,45.98
USD_JPY,21,30,75,2.0,0.03,2.0,522,-384.76,45.02
USD_JPY,21,30,80,1.0,0.02,1.0,433,571.18,53.35
USD_JPY,21,30,80,1.0,0.02,1.5,433,-68.3,42.73
USD_JPY,21,30,80,1.0,0.02,2.0,433,-455.45,37.18
USD_JPY,21,30,80,1.0,0.03,1.0,433,571.18,53.35
USD_JPY,21,30,80,1.0,0.03,1.5,433,-68.3,42.73
USD_JPY,21,30,80,1.0,0.03,2.0,433,-455.45,37.18
USD_JPY,21,30,80,1.5,0.02,1.0,433,-175.33,48.96
USD_JPY,21,30,80,1.5,0.02,1.5,433,-467.86,42.26
USD_JPY,21,30,80,1.5,0.02,2.0,433,-479.27,40.88
USD_JPY,21,30,80,1.5,0.03,1.0,433,-175.33,48.96
USD_JPY,21,30,80,1.5,0.03,1.5,433,-467.86,42.26
USD_JPY,21,30,80,1.5,0.03,2.0,433,-479.27,40.88
USD_JPY,21,30,80,2.0,0.02,1.0,433,-309.29,47.11
USD_JPY,21,30,80,2.0,0.02,1.5,433,-370.08,44.57
USD_JPY,21,30,80,2.0,0.02,2.0,433,-446.24,43.42
USD_JPY,21,30,80,2.0,0.03,1.0,433,-309.29,47.11
USD_JPY,21,30,80,2.0,0.03,1.5,433,-370.08,44.57
USD_JPY,21,30,80,2.0,0.03,2.0,433,-446.24,43.42
